code,country,spread
tr,Turkey,5.62
se,Sweden,1.4500000000000002
cy,Cyprus,1.1600000000000001
